,Accuracy,Precision,Recall,Roc,F1,Summary
Logistic Regression,0.82808078209416,0.9998058554011028,0.8282084271469926,0.4974375469068296,0.9059531348955034,0.803222304308493
Support Vector Machines,0.8282094160020581,1.0,0.8282094160020581,0.9604844447824306,0.9060334212840809,0.6672655921306403
Decision Trees,0.751157705171083,0.8362196163702725,0.859514687100894,0.5805851581199835,0.8477071442629402,0.7286702499306469
Random Forest,0.8324221764857216,0.980236079832259,0.8429892810632117,0.6999976866586728,0.9064469219583131,0.8022248769595175
Naive Bayes,0.6668703370208386,0.7100644560068339,0.8634496435148024,0.5552500814125388,0.7792811028487419,0.9332589330332557
K-Nearest Neighbor,0.8047337278106509,0.9505319562009785,0.8361226859758181,0.5676763044840587,0.8896641953772351,0.7141461511914619
XGBoost,0.8317790069462311,0.9826434728585851,0.8410155860556312,0.698119733326323,0.906330020592712,0.7016953409011666
